classe,iou_G,iou_B,delta_GvsB_pt,ci_lo_pt,ci_hi_pt,p,holm,ci_exclut_0_B,delta_GvsCtrl_pt,ci_lo_pt_ctrl,ci_hi_pt_ctrl,p_ctrl,holm_ctrl,ci_exclut_0_ctrl
road,98.4491,98.4423,+0.0068,-0.0517,+0.0649,0.797000,1.000000,0,+0.0383,-0.0188,+0.1016,0.187400,1.000000,0
sidewalk,87.0392,87.0665,-0.0274,-0.4394,+0.3823,0.918400,1.000000,0,+0.0637,-0.3101,+0.4787,0.764200,1.000000,0
building,93.3214,93.2748,+0.0466,-0.1265,+0.1846,0.517000,1.000000,0,+0.0707,-0.0270,+0.1846,0.161200,1.000000,0
wall,57.2128,57.9154,-0.7026,-4.9716,+2.4275,0.797400,1.000000,0,+1.0660,-1.3203,+4.0501,0.491600,1.000000,0
fence,65.3501,66.0720,-0.7219,-2.4698,+0.7073,0.387400,1.000000,0,-0.4574,-1.2853,+0.3419,0.266800,1.000000,0
pole,70.3373,69.7551,+0.5822,+0.3446,+0.8108,0.000000,0.000000,1,+0.2915,+0.0634,+0.5084,0.013600,0.231200,1
traffic light,77.8296,76.8521,+0.9776,+0.5762,+1.3738,0.000000,0.000000,1,+0.4698,+0.1183,+0.8190,0.010800,0.194400,1
traffic sign,83.9169,83.5187,+0.3982,-0.0350,+0.8278,0.068600,0.705600,0,+0.2137,-0.1259,+0.5409,0.218200,1.000000,0
vegetation,93.1546,93.0939,+0.0607,-0.0023,+0.1276,0.058800,0.705600,0,+0.0205,-0.0297,+0.0700,0.426000,1.000000,0
terrain,66.4023,66.0994,+0.3030,-0.4623,+1.0641,0.445400,1.000000,0,+0.0065,-0.6126,+0.6050,0.985000,1.000000,0
sky,95.6447,95.5980,+0.0467,-0.0546,+0.1480,0.353800,1.000000,0,+0.1145,+0.0042,+0.2217,0.041000,0.656000,1
person,85.2207,84.8964,+0.3243,+0.0740,+0.5574,0.014600,0.233600,1,+0.0675,-0.1830,+0.3031,0.582400,1.000000,0
rider,67.5847,68.4870,-0.9023,-1.9822,+0.0333,0.063200,0.705600,0,-1.3406,-2.4159,-0.3481,0.007200,0.136800,1
car,95.7067,95.4570,+0.2497,+0.0279,+0.5368,0.021200,0.296800,1,+0.1435,-0.1267,+0.4480,0.313600,1.000000,0
truck,84.0273,80.2433,+3.7839,+0.0942,+8.2995,0.035400,0.460200,1,+3.4341,-1.2179,+8.3083,0.182600,1.000000,0
bus,90.0718,89.7516,+0.3201,-1.3768,+2.2019,0.715400,1.000000,0,-1.4782,-4.7444,+1.0111,0.327400,1.000000,0
train,81.1960,83.7362,-2.5402,-5.5919,-0.3443,0.017600,0.264000,1,-1.0377,-2.7853,+0.8567,0.296600,1.000000,0
motorcycle,71.1522,70.6958,+0.4564,-0.8993,+2.3091,0.511200,1.000000,0,+0.0677,-0.9307,+0.9874,0.936200,1.000000,0
bicycle,80.3848,79.8128,+0.5720,+0.2825,+0.8976,0.000000,0.000000,1,+0.0518,-0.1729,+0.2904,0.663400,1.000000,0
