metrique,n_images,point_G,point_B,point_controle,delta_GvsB_pt,ci_lo,ci_hi,p_brut,holm_2paires,delta_GvsCtrl_pt,ci_lo_ctrl,ci_hi_ctrl,p_brut_ctrl,holm_2paires_ctrl,holm_p316_ctrl
mIoU,500,81.2623,81.0889,81.1680,+0.1733,-0.2293,+0.5541,0.3952,0.7904,+0.0943,-0.2807,+0.4662,0.6592,0.7904,1.000
IoU_person,500,85.2193,84.8751,85.1522,+0.3442,+0.0919,+0.5784,0.0088,0.0176,+0.0670,-0.1822,+0.3017,0.5838,0.5838,0.694
IoU_rider,500,67.5814,68.4924,68.9200,-0.9110,-2.0026,+0.0361,0.0612,0.0612,-1.3386,-2.4128,-0.3523,0.0068,0.0136,0.095
boundary_f1_3px,500,77.0031,76.3734,76.6274,+0.6297,+0.4537,+0.8063,0,0,+0.3757,+0.2162,+0.5372,0,0,0.000
boundary_f1_3px_pieds,500,67.7327,67.3015,67.4862,+0.4312,-0.1193,+0.9533,0.1204,0.2408,+0.2466,-0.2006,+0.7019,0.2814,0.2814,1.000
rappel_strict_instances,441,72.8367,77.1717,76.2535,-4.3350,-4.9477,-3.7288,0,0,-3.4168,-3.9675,-2.8684,0,0,0.000
precision_ped_pixels,473,63.2657,65.9646,70.0283,-2.6988,-3.4844,-1.9512,0,0,-6.7626,-7.7995,-5.7851,0,0,0.000
instances_toutes_rappel,441,76.5520,80.9911,79.9752,-4.4391,-5.0000,-3.8844,0,0,-3.4233,-3.9114,-2.9415,0,0,0.000
instances_toutes_det05,441,85.1170,88.0529,87.1111,-2.9359,-3.8166,-2.1220,0,0,-1.9941,-2.6963,-1.3283,0,0,0.000
instances_individuelles_rappel,440,76.7350,81.1113,80.0965,-4.3763,-4.9347,-3.8227,0,0,-3.3615,-3.8525,-2.8661,0,0,0.000
instances_individuelles_det05,440,85.1735,88.0763,87.1755,-2.9027,-3.8186,-2.0689,0,0,-2.0020,-2.7117,-1.3018,0,0,0.000
instances_foule_rappel,63,69.9721,75.7081,74.5839,-5.7361,-7.8642,-4.0326,0,0,-4.6118,-6.5314,-2.9401,0,0,0.000
instances_foule_det05,63,82.0106,86.2434,83.5979,-4.2328,-7.9365,-1.0582,0.0046,0.0092,-1.5873,-4.2328,+0.5291,0.225,0.225,1.000
instances_taille_T1_rappel,315,60.9137,66.5585,64.9940,-5.6448,-6.6503,-4.6270,0,0,-4.0803,-5.0917,-3.0914,0,0,0.000
instances_taille_T1_det05,315,68.2616,72.8360,71.7279,-4.5745,-6.2184,-2.8896,0,0,-3.4664,-5.0168,-1.9603,0,0,0.000
instances_taille_T2_rappel,320,80.8776,85.4617,84.5339,-4.5841,-5.3157,-3.8796,0,0,-3.6563,-4.3700,-2.9380,0,0,0.000
instances_taille_T2_det05,320,91.0834,93.7787,93.1473,-2.6953,-3.8931,-1.6088,0,0,-2.0638,-3.1960,-0.9283,0.0004,0.0004,0.006
instances_taille_T3_rappel,335,91.6760,93.8507,93.4744,-2.1747,-2.4777,-1.8746,0,0,-1.7985,-2.0903,-1.5097,0,0,0.000
instances_taille_T3_det05,335,98.7827,98.9623,98.9600,-0.1797,-0.6966,+0.2378,0.4654,0.4654,-0.1773,-0.4683,+0.0545,0.1586,0.3172,1.000
fragments,500,933.8780,615.1253,519.2640,+318.7527,+305.3575,+331.8878,0,0,+414.6140,+397.7691,+431.0529,0,0,—
fragments_car,500,117.2707,67.9073,57.4200,+49.3633,+46.4732,+52.1948,0,0,,,,,,
fragments_pole,500,176.4253,131.0613,115.9433,+45.3640,+42.8773,+47.7707,0,0,,,,,,
fragments_vegetation,500,107.6587,63.8440,58.8020,+43.8147,+41.5532,+46.0880,0,0,,,,,,
fragments_road,500,82.3660,43.7693,47.0780,+38.5967,+36.3212,+40.8607,0,0,,,,,,
fragments_traffic sign,500,92.3007,53.8827,43.2387,+38.4180,+36.1186,+40.6787,0,0,,,,,,
fragments_building,500,116.9093,84.4327,75.4033,+32.4767,+29.5666,+35.3841,0,0,,,,,,
fragments_sidewalk,500,106.2493,75.4067,64.6040,+30.8427,+28.7153,+32.9707,0,0,,,,,,
fragments_person,500,53.1853,24.3087,16.3513,+28.8767,+27.2572,+30.4681,0,0,,,,,,
fragments_sky,500,27.7433,23.1640,11.8933,+4.5793,+3.2033,+5.9147,0,0,,,,,,
fragments_fence,500,10.9080,8.1653,4.8847,+2.7427,+2.0980,+3.4020,0,0,,,,,,
fragments_bicycle,500,11.7947,9.5907,6.1527,+2.2040,+1.7473,+2.6713,0,0,,,,,,
fragments_rider,500,4.1427,1.9553,1.8967,+2.1873,+1.9980,+2.3820,0,0,,,,,,
fragments_traffic light,500,6.8860,5.9993,4.5847,+0.8867,+0.6493,+1.1260,0,0,,,,,,
fragments_truck,500,0.5733,0.3320,0.3320,+0.2413,+0.1280,+0.3787,0,0,,,,,,
fragments_motorcycle,500,0.6547,0.6333,0.5733,+0.0213,-0.0387,+0.0827,0.494,1,,,,,,
fragments_train,500,0.2640,0.2480,0.2340,+0.0160,-0.0140,+0.0500,0.3292,1,,,,,,
fragments_bus,500,0.4560,0.4727,0.4327,-0.0167,-0.0993,+0.0553,0.7028,1,,,,,,
fragments_wall,500,7.1540,7.1767,3.9720,-0.0227,-0.5367,+0.4940,0.9496,1,,,,,,
fragments_terrain,500,10.9360,12.7753,5.4673,-1.8393,-2.5980,-1.0627,0,0,,,,,,
