rang,bras,mean_pct,pire_rang,n_rang1,dommage_max_pt,endpoint_dommage,z,pic_max_pt,delta_miou_pt,p_miou,holm_miou,gains_sig_brut,gains_sig_holm,pertes_sig_brut,pertes_sig_holm,pareto
1,moe_v3cs,60.43,11,0,-0.5291,instances_foule_det05,-0.354,4.2409,0.4502,0.006600,0.092400,7,1,2,1,non_dominé
2,fused_CvetoB,43.98,13,0,-1.8952,IoU_bus,-1.473,3.4360,0.0658,0.786600,1.000000,2,1,6,3,dominé
3,fused_CpvetoB,35.69,13,0,-2.7797,IoU_bus,-2.160,2.6455,-0.1530,0.353200,1.000000,0,0,7,2,dominé
4,C,47.54,13,0,-3.2060,precision_ped_pixels,-0.496,3.6292,0.0557,0.818200,1.000000,2,0,4,3,dominé
5,B,51.23,13,2,-4.0638,precision_ped_pixels,-0.629,2.6455,-0.0790,0.659200,1.000000,11,8,6,6,dominé
6,fused_DpvetoB,69.03,12,4,-4.7678,precision_ped_pixels,-0.738,4.3823,0.4817,0.037600,0.413600,11,6,5,4,non_dominé
7,Cp,34.46,13,0,-6.0509,precision_ped_pixels,-0.937,2.6455,-0.2792,0.061800,0.618000,0,0,6,3,dominé
8,G,41.93,13,7,-6.7626,precision_ped_pixels,-1.047,3.4341,0.0943,0.659200,1.000000,4,1,13,12,dominé
9,fused_DvetoB,71.91,12,3,-8.7018,precision_ped_pixels,-1.347,4.9443,0.4854,0.008200,0.106600,14,9,5,4,non_dominé
10,Dp,72.72,13,3,-15.0202,precision_ped_pixels,-2.325,5.1920,0.4714,0.033000,0.396000,16,11,4,3,non_dominé
11,D,77.29,13,16,-22.1952,precision_ped_pixels,-3.435,5.4923,0.5154,0.005000,0.075000,17,13,4,3,non_dominé
